{"autoplayTransitionDelay":5,"author":"","timestamp":"2025-37-9 11:4:7","loopSlideshow":0,"filename":"EDITO SUR MER","autoplayBuildDelay":2,"comment":"","title":"EDITO SUR MER","showMode":0,"creator":"Apple Keynote 14.4","slideList":["AE7B60EF-A8F0-44FC-A2D1-288D6860736E"],"soundtrack":{"mode":0,"volume":1},"slideWidth":695,"slideHeight":4364,"slideCount":1,"majorVersion":1,"minorVersion":2,"fonts":["HelveticaNeue-Light","HelveticaNeue-Bold","Arial-Black","HelveticaNeue-Italic","Helvetica","Baskerville","Helvetica-Light","AmericanTypewriter","HoeflerText-Italic","GillSans","Avenir-Book","HelveticaNeue-Medium","HelveticaNeue"]}